sample_id,source_population,lead_id,lead_type,constraint_blocker,source_family,route_family,priority_bucket,lead_score,source_name,source_tier,target_state,inferred_year,temporal_signal_present,term_signal_present,place_signal_present,url_domain,duplicate_status,sample_stratum,redaction_note,source_chain_complete,original_source_identifiable,evidence_source_adequate,date_available,term_available,source_stated_place_available,ethics_sensitive,record_eligible,map_eligible,reason_not_eligible,reviewer_notes
audit_001,target_gap_leads,tgl_c088e16c0c943cab625204b9,ROBOTS_BLOCKED_NEAR_MISS,robots_unknown,ATOM_AtoM,museum_heritage_page,BLOCKED_ROBOTS,85.0,Western Australian Museum,A,WA,1930,1,0,0,museum.wa.gov.au,duplicate,robots_unknown / ATOM_AtoM,metadata_only_no_snippet_no_description_no_raw_text_sensitive_rows_excluded,,,,,,,,,,,
audit_002,target_gap_leads,tgl_33759bce07c470b5b7d1ed0f,METADATA_ONLY_1955_1976_LEAD,missing_term,state_archive_catalogue,state_archive_catalogue,PRIORITY_LEAD,100.0,Queensland State Archives ArchivesSearch,A,ACT,1959,1,0,1,archivessearch.qld.gov.au,unchecked,missing_term / state_archive_catalogue,metadata_only_no_snippet_no_description_no_raw_text_sensitive_rows_excluded,,,,,,,,,,,
audit_003,target_gap_leads,tgl_8af6033bb4fdd4537d99280a,STRUCTURED_ENDPOINT_ROUTE_LEAD,missing_date,OAI_PMH,council_local_studies,GOOD_LEAD,70.0,Fremantle History Centre,B,WA,,0,0,0,fremantle.wa.gov.au,unique,missing_date / OAI_PMH,metadata_only_no_snippet_no_description_no_raw_text_sensitive_rows_excluded,,,,,,,,,,,
audit_004,target_gap_leads,tgl_575d9d59a114bcf5c36de203,METADATA_ONLY_1955_1976_LEAD,missing_date,controlled_supernatural,local_history_serial,PRIORITY_LEAD,80.0,Historical Society of the Northern Territory,B,NT,,0,0,1,historicalsocietynt.org.au,unique,missing_date / controlled_supernatural,metadata_only_no_snippet_no_description_no_raw_text_sensitive_rows_excluded,,,,,,,,,,,
audit_005,target_gap_leads,tgl_12eb6ef87e92d063545bac8d,METADATA_ONLY_1955_1976_LEAD,missing_term,national_library_catalogue,national_library_catalogue,PRIORITY_LEAD,100.0,NLA Catalogue,A,WA,1958,1,0,1,catalogue.nla.gov.au,unchecked,missing_term / national_library_catalogue,metadata_only_no_snippet_no_description_no_raw_text_sensitive_rows_excluded,,,,,,,,,,,
audit_006,target_gap_leads,tgl_2c2678cc0ede743c42e07ae7,METADATA_ONLY_1955_1976_LEAD,strict_record_gate_not_met,museum_heritage_page,museum_heritage_page,PRIORITY_LEAD,100.0,Museum and Art Gallery of the Northern Territory,A,NT,1956,1,1,1,magnt.net.au,unchecked,strict_record_gate_not_met / museum_heritage_page,metadata_only_no_snippet_no_description_no_raw_text_sensitive_rows_excluded,,,,,,,,,,,
audit_007,target_gap_leads,tgl_5825d55bab4fd88cff710c17,SOURCE_ATLAS_ROUTE_LEAD,missing_item_url,state_library_catalogue,state_library_catalogue,PRIORITY_LEAD,100.0,State Library Victoria Digitised Collections,A,NT,1928,1,1,1,find.slv.vic.gov.au,unchecked,missing_item_url / state_library_catalogue,metadata_only_no_snippet_no_description_no_raw_text_sensitive_rows_excluded,,,,,,,,,,,
audit_008,target_gap_leads,tgl_0adf3271349affd389fc78f7,METADATA_ONLY_1955_1976_LEAD,missing_term,museum_heritage_page,museum_heritage_page,PRIORITY_LEAD,100.0,Adelaide Gaol,B,SA,1958,1,0,1,adelaidegaol.org.au,unchecked,missing_term / museum_heritage_page,metadata_only_no_snippet_no_description_no_raw_text_sensitive_rows_excluded,,,,,,,,,,,
audit_009,target_gap_leads,tgl_0acd701c76ed55aeaa08e9ea,METADATA_ONLY_1955_1976_LEAD,missing_term,heritage_register,heritage_register,PRIORITY_LEAD,100.0,National Capital Authority Heritage,B,ACT,1964,1,0,1,nca.gov.au,unchecked,missing_term / heritage_register,metadata_only_no_snippet_no_description_no_raw_text_sensitive_rows_excluded,,,,,,,,,,,
audit_010,target_gap_leads,tgl_660b76bdb7da77e71c6ce594,SOURCE_ATLAS_ROUTE_LEAD,missing_item_url,state_archive_catalogue,state_archive_catalogue,PRIORITY_LEAD,100.0,ArchivesACT,A,ACT,1938,1,1,1,archives.act.gov.au,unchecked,missing_item_url / state_archive_catalogue,metadata_only_no_snippet_no_description_no_raw_text_sensitive_rows_excluded,,,,,,,,,,,
audit_011,target_gap_leads,tgl_9d180fc4f5b7aba1b0376722,METADATA_ONLY_1955_1976_LEAD,missing_term,heritage_register,heritage_register,PRIORITY_LEAD,100.0,National Trust Tasmania,B,TAS,1965,1,0,1,nationaltrust.org.au,unchecked,missing_term / heritage_register,metadata_only_no_snippet_no_description_no_raw_text_sensitive_rows_excluded,,,,,,,,,,,
audit_012,target_gap_leads,tgl_ef6f3c0a121595b6eaf20132,STRUCTURED_ENDPOINT_ROUTE_LEAD,missing_date,OAI_PMH,local_history_serial,GOOD_LEAD,70.0,Royal Western Australian Historical Society,B,WA,,0,0,0,histwest.org.au,unique,missing_date / OAI_PMH,metadata_only_no_snippet_no_description_no_raw_text_sensitive_rows_excluded,,,,,,,,,,,
audit_013,target_gap_leads,tgl_5747938ca7b7fa6e3be58490,ROBOTS_BLOCKED_NEAR_MISS,missing_date,RSS_ATOM,bibliographic_discovery,HOLD,15.0,Open Library,E,NATIONAL,,0,0,0,openlibrary.org,duplicate,missing_date / RSS_ATOM,metadata_only_no_snippet_no_description_no_raw_text_sensitive_rows_excluded,,,,,,,,,,,
audit_014,target_gap_leads,tgl_e285462dd31b985e1bec9157,DISCOVERY_ONLY_REPLACEMENT_LEAD,missing_date,,state_archive_catalogue,GOOD_LEAD,70.0,Tasmanian Archives,A,TAS,,0,0,0,flickr.com,duplicate,missing_date / (missing),metadata_only_no_snippet_no_description_no_raw_text_sensitive_rows_excluded,,,,,,,,,,,
audit_015,target_gap_leads,tgl_5c7e56fbd72a3fcd3d831d9a,PDF_NEWSLETTER_ROUTE_LEAD,missing_date,,museum_heritage_page,WEAK_LEAD,55.0,Queen Victoria Museum and Art Gallery,B,TAS,,0,0,0,qvmag.tas.gov.au,duplicate,missing_date / (missing),metadata_only_no_snippet_no_description_no_raw_text_sensitive_rows_excluded,,,,,,,,,,,
audit_016,target_gap_leads,tgl_256221a0b59316a905790f55,METADATA_ONLY_1955_1976_LEAD,missing_term,council_local_studies,council_local_studies,PRIORITY_LEAD,100.0,Mount Gambier Local History,B,SA,1966,1,0,1,mountgambier.sa.gov.au,unchecked,missing_term / council_local_studies,metadata_only_no_snippet_no_description_no_raw_text_sensitive_rows_excluded,,,,,,,,,,,
audit_017,target_gap_leads,tgl_a010118654bab5253ee3909e,METADATA_ONLY_1955_1976_LEAD,strict_record_gate_not_met,local_history_serial,local_history_serial,PRIORITY_LEAD,100.0,Canberra & District Historical Society,B,ACT,1955,1,1,1,canberrahistory.org.au,unchecked,strict_record_gate_not_met / local_history_serial,metadata_only_no_snippet_no_description_no_raw_text_sensitive_rows_excluded,,,,,,,,,,,
audit_018,target_gap_leads,tgl_47db4dad284e60d98681faed,METADATA_ONLY_1955_1976_LEAD,missing_term,museum_heritage_page,museum_heritage_page,PRIORITY_LEAD,100.0,Queensland Museum Network,B,TAS,1957,1,0,1,museum.qld.gov.au,unchecked,missing_term / museum_heritage_page,metadata_only_no_snippet_no_description_no_raw_text_sensitive_rows_excluded,,,,,,,,,,,
audit_019,target_gap_leads,tgl_7988121a7e7d62ad90c61e16,METADATA_ONLY_1955_1976_LEAD,strict_record_gate_not_met,state_library_catalogue,state_library_catalogue,PRIORITY_LEAD,100.0,State Library of Western Australia,A,WA,1958,1,1,1,slwa.wa.gov.au,unchecked,strict_record_gate_not_met / state_library_catalogue,metadata_only_no_snippet_no_description_no_raw_text_sensitive_rows_excluded,,,,,,,,,,,
audit_020,target_gap_leads,tgl_c093cf745f5f97e4b2b05384,STRUCTURED_ENDPOINT_ROUTE_LEAD,missing_date,OMEKA_API,local_history_serial,GOOD_LEAD,70.0,Royal Western Australian Historical Society,B,WA,,0,0,0,histwest.org.au,unique,missing_date / OMEKA_API,metadata_only_no_snippet_no_description_no_raw_text_sensitive_rows_excluded,,,,,,,,,,,
audit_021,target_gap_leads,tgl_afb3e32c352929ec29a3c80c,METADATA_ONLY_1955_1976_LEAD,missing_term,state_archive_catalogue,state_archive_catalogue,PRIORITY_LEAD,100.0,Tasmanian Archives,A,TAS,1961,1,0,1,libraries.tas.gov.au,unchecked,missing_term / state_archive_catalogue,metadata_only_no_snippet_no_description_no_raw_text_sensitive_rows_excluded,,,,,,,,,,,
audit_022,target_gap_leads,tgl_992b4e5712d4272a1da23158,METADATA_ONLY_1955_1976_LEAD,strict_record_gate_not_met,museum_heritage_page,museum_heritage_page,PRIORITY_LEAD,100.0,Adelaide Gaol,B,SA,1956,1,1,1,adelaidegaol.sa.gov.au,unchecked,strict_record_gate_not_met / museum_heritage_page,metadata_only_no_snippet_no_description_no_raw_text_sensitive_rows_excluded,,,,,,,,,,,
audit_023,target_gap_leads,tgl_35ecb5aae7a8e02a178cab8e,METADATA_ONLY_1955_1976_LEAD,strict_record_gate_not_met,state_archive_catalogue,state_archive_catalogue,PRIORITY_LEAD,100.0,ArchivesACT / ACT Memory,A,ACT,1959,1,1,1,archives.act.gov.au,unchecked,strict_record_gate_not_met / state_archive_catalogue,metadata_only_no_snippet_no_description_no_raw_text_sensitive_rows_excluded,,,,,,,,,,,
audit_024,target_gap_leads,tgl_bf0b2f7e16aa5eefa1037258,ROBOTS_BLOCKED_NEAR_MISS,robots_unknown,ATOM_AtoM,museum_heritage_page,BLOCKED_ROBOTS,85.0,Western Australian Museum,A,WA,1940,1,0,0,museum.wa.gov.au,duplicate,robots_unknown / ATOM_AtoM,metadata_only_no_snippet_no_description_no_raw_text_sensitive_rows_excluded,,,,,,,,,,,
audit_025,target_gap_leads,tgl_df120d0c3d24de8cb4bd248f,SOURCE_ATLAS_ROUTE_LEAD,missing_item_url,council_local_studies,council_local_studies,PRIORITY_LEAD,100.0,Kalgoorlie-Boulder Local History,B,WA,1950,1,1,1,ckb.wa.gov.au,unchecked,missing_item_url / council_local_studies,metadata_only_no_snippet_no_description_no_raw_text_sensitive_rows_excluded,,,,,,,,,,,
audit_026,target_gap_leads,tgl_ee5948d83411023a100635f6,METADATA_ONLY_1955_1976_LEAD,strict_record_gate_not_met,museum_heritage_page,museum_heritage_page,PRIORITY_LEAD,100.0,Fremantle Prison,B,WA,1955,1,1,1,fremantleprison.com.au,unchecked,strict_record_gate_not_met / museum_heritage_page,metadata_only_no_snippet_no_description_no_raw_text_sensitive_rows_excluded,,,,,,,,,,,
audit_027,target_gap_leads,tgl_2887e4e7f69f90034dcbcf09,METADATA_ONLY_1955_1976_LEAD,strict_record_gate_not_met,structured_endpoint,museum_heritage_page,PRIORITY_LEAD,100.0,Western Australian Museum,A,WA,1940,1,1,1,museum.wa.gov.au,duplicate,strict_record_gate_not_met / structured_endpoint,metadata_only_no_snippet_no_description_no_raw_text_sensitive_rows_excluded,,,,,,,,,,,
audit_028,target_gap_leads,tgl_3919671cd73b2f1e61537679,SOURCE_ATLAS_ROUTE_LEAD,missing_item_url,broadcast_catalogue,broadcast_catalogue,PRIORITY_LEAD,100.0,Australian Screen Online,C,TAS,1927,1,1,1,aso.gov.au,unchecked,missing_item_url / broadcast_catalogue,metadata_only_no_snippet_no_description_no_raw_text_sensitive_rows_excluded,,,,,,,,,,,
audit_029,target_gap_leads,tgl_081e814a620c13e4e9c41f98,METADATA_ONLY_1955_1976_LEAD,missing_term,state_library_catalogue,state_library_catalogue,PRIORITY_LEAD,100.0,Library & Archives NT Catalogue,A,NT,1958,1,0,1,lant.nt.gov.au,unchecked,missing_term / state_library_catalogue,metadata_only_no_snippet_no_description_no_raw_text_sensitive_rows_excluded,,,,,,,,,,,
audit_030,target_gap_leads,tgl_b54cd178c3ba10243b65626f,DATE_NO_TERM_LEAD,missing_term,structured_endpoint,broadcast_catalogue,PRIORITY_LEAD,100.0,NFSA Collection,A,NATIONAL,1935,1,0,1,nfsa.gov.au,canonical,missing_term / structured_endpoint,metadata_only_no_snippet_no_description_no_raw_text_sensitive_rows_excluded,,,,,,,,,,,
audit_031,target_gap_leads,tgl_627edd10c9e7b1192b250139,METADATA_ONLY_1955_1976_LEAD,strict_record_gate_not_met,heritage_register,heritage_register,PRIORITY_LEAD,100.0,National Trust ACT,B,ACT,1957,1,1,1,nationaltrust.org.au,unchecked,strict_record_gate_not_met / heritage_register,metadata_only_no_snippet_no_description_no_raw_text_sensitive_rows_excluded,,,,,,,,,,,
audit_032,target_gap_leads,tgl_b15a8001a9837b9dcd9e5878,METADATA_ONLY_1955_1976_LEAD,strict_record_gate_not_met,local_history_serial,local_history_serial,PRIORITY_LEAD,100.0,Central Australian Historical Society,B,NT,1958,1,1,1,cahs.com.au,unchecked,strict_record_gate_not_met / local_history_serial,metadata_only_no_snippet_no_description_no_raw_text_sensitive_rows_excluded,,,,,,,,,,,
audit_033,target_gap_leads,tgl_ee64218ad0ad185137cbd5de,SOURCE_ATLAS_ROUTE_LEAD,missing_item_url,national_archive_catalogue,national_archive_catalogue,PRIORITY_LEAD,100.0,National Archives of Australia RecordSearch,A,TAS,1931,1,1,1,recordsearch.naa.gov.au,unchecked,missing_item_url / national_archive_catalogue,metadata_only_no_snippet_no_description_no_raw_text_sensitive_rows_excluded,,,,,,,,,,,
audit_034,target_gap_leads,tgl_cf748a17c6a274db03796c81,SOURCE_ATLAS_ROUTE_LEAD,missing_item_url,national_archive_catalogue,national_archive_catalogue,PRIORITY_LEAD,100.0,National Archives of Australia RecordSearch,A,NT,1929,1,1,1,recordsearch.naa.gov.au,unchecked,missing_item_url / national_archive_catalogue,metadata_only_no_snippet_no_description_no_raw_text_sensitive_rows_excluded,,,,,,,,,,,
audit_035,target_gap_leads,tgl_fe6f22834a2afba21cee81ae,METADATA_ONLY_1955_1976_LEAD,missing_term,national_archive_catalogue,national_archive_catalogue,PRIORITY_LEAD,100.0,National Archives of Australia RecordSearch,A,ACT,1955,1,0,1,recordsearch.naa.gov.au,unchecked,missing_term / national_archive_catalogue,metadata_only_no_snippet_no_description_no_raw_text_sensitive_rows_excluded,,,,,,,,,,,
audit_036,target_gap_leads,tgl_1839c9d2d405982b88e5b217,METADATA_ONLY_1955_1976_LEAD,missing_term,national_library_catalogue,national_library_catalogue,PRIORITY_LEAD,100.0,NLA Catalogue,A,TAS,1957,1,0,1,catalogue.nla.gov.au,unchecked,missing_term / national_library_catalogue,metadata_only_no_snippet_no_description_no_raw_text_sensitive_rows_excluded,,,,,,,,,,,
audit_037,target_gap_leads,tgl_ff92ab4c15d7388f120edc2c,METADATA_ONLY_1955_1976_LEAD,missing_date,structured_endpoint,museum_heritage_page,HOLD,25.0,Western Australian Museum,A,WA,,0,0,1,museum.wa.gov.au,canonical,missing_date / structured_endpoint,metadata_only_no_snippet_no_description_no_raw_text_sensitive_rows_excluded,,,,,,,,,,,
audit_038,target_gap_leads,tgl_7d60c0e02031ecf8606bc9fc,ROBOTS_BLOCKED_NEAR_MISS,robots_unknown,ATOM_AtoM,museum_heritage_page,BLOCKED_ROBOTS,85.0,Western Australian Museum,A,WA,1940,1,0,0,museum.wa.gov.au,duplicate,robots_unknown / ATOM_AtoM,metadata_only_no_snippet_no_description_no_raw_text_sensitive_rows_excluded,,,,,,,,,,,
audit_039,target_gap_leads,tgl_acf3062535de2c26da9375c4,METADATA_ONLY_1955_1976_LEAD,strict_record_gate_not_met,state_archive_catalogue,state_archive_catalogue,PRIORITY_LEAD,100.0,ANU Archives,A,ACT,1959,1,1,1,archivescollection.anu.edu.au,unchecked,strict_record_gate_not_met / state_archive_catalogue,metadata_only_no_snippet_no_description_no_raw_text_sensitive_rows_excluded,,,,,,,,,,,
audit_040,target_gap_leads,tgl_84cd705ec1fd072e52345121,SOURCE_ATLAS_ROUTE_LEAD,missing_item_url,museum_heritage_page,museum_heritage_page,PRIORITY_LEAD,100.0,History Trust of South Australia,B,SA,1962,1,1,1,history.sa.gov.au,unchecked,missing_item_url / museum_heritage_page,metadata_only_no_snippet_no_description_no_raw_text_sensitive_rows_excluded,,,,,,,,,,,
audit_041,target_gap_leads,tgl_c4e0c398eaee93ea7c246fea,METADATA_ONLY_1955_1976_LEAD,strict_record_gate_not_met,council_local_studies,council_local_studies,PRIORITY_LEAD,100.0,Fremantle History Centre,B,WA,1960,1,1,1,fremantle.wa.gov.au,unchecked,strict_record_gate_not_met / council_local_studies,metadata_only_no_snippet_no_description_no_raw_text_sensitive_rows_excluded,,,,,,,,,,,
audit_042,target_gap_leads,tgl_c7b495043934490883bf4291,ROBOTS_BLOCKED_NEAR_MISS,missing_date,RSS_ATOM,bibliographic_discovery,HOLD,15.0,Open Library,E,NATIONAL,,0,0,0,openlibrary.org,duplicate,missing_date / RSS_ATOM,metadata_only_no_snippet_no_description_no_raw_text_sensitive_rows_excluded,,,,,,,,,,,
audit_043,target_gap_leads,tgl_97f532597f726c77e1bbe93f,METADATA_ONLY_1955_1976_LEAD,strict_record_gate_not_met,state_library_catalogue,state_library_catalogue,PRIORITY_LEAD,100.0,Library & Archives NT Catalogue,A,NT,1959,1,1,1,lant.nt.gov.au,unchecked,strict_record_gate_not_met / state_library_catalogue,metadata_only_no_snippet_no_description_no_raw_text_sensitive_rows_excluded,,,,,,,,,,,
audit_044,target_gap_leads,tgl_09b0395e8f2788cc384416e1,SOURCE_ATLAS_ROUTE_LEAD,missing_item_url,broadcast_catalogue,broadcast_catalogue,PRIORITY_LEAD,100.0,NFSA Collection,A,SA,1933,1,1,1,nfsa.gov.au,unchecked,missing_item_url / broadcast_catalogue,metadata_only_no_snippet_no_description_no_raw_text_sensitive_rows_excluded,,,,,,,,,,,
audit_045,target_gap_leads,tgl_a48c2e3d410d117fbf02473c,SOURCE_ATLAS_ROUTE_LEAD,missing_item_url,state_library_catalogue,state_library_catalogue,PRIORITY_LEAD,100.0,Libraries Tasmania Catalogue,A,TAS,1933,1,1,1,libraries.tas.gov.au,unchecked,missing_item_url / state_library_catalogue,metadata_only_no_snippet_no_description_no_raw_text_sensitive_rows_excluded,,,,,,,,,,,
audit_046,target_gap_leads,tgl_9c0619bea13206eb2dc932bc,SOURCE_ATLAS_ROUTE_LEAD,missing_item_url,council_local_studies,council_local_studies,PRIORITY_LEAD,100.0,Burnie and Devonport Local History,B,TAS,1931,1,1,1,devonport.tas.gov.au,unchecked,missing_item_url / council_local_studies,metadata_only_no_snippet_no_description_no_raw_text_sensitive_rows_excluded,,,,,,,,,,,
audit_047,target_gap_leads,tgl_c211153b54cd09b73ea00554,METADATA_ONLY_1955_1976_LEAD,missing_date,structured_endpoint,museum_heritage_page,GOOD_LEAD,65.0,Western Australian Museum,A,WA,,0,0,1,museum.wa.gov.au,canonical,missing_date / structured_endpoint,metadata_only_no_snippet_no_description_no_raw_text_sensitive_rows_excluded,,,,,,,,,,,
audit_048,target_gap_leads,tgl_c0cd72a967e983c13d445071,METADATA_ONLY_1955_1976_LEAD,strict_record_gate_not_met,heritage_register,heritage_register,PRIORITY_LEAD,100.0,Heritage Tasmania Register,A,TAS,1955,1,1,1,heritage.tas.gov.au,unchecked,strict_record_gate_not_met / heritage_register,metadata_only_no_snippet_no_description_no_raw_text_sensitive_rows_excluded,,,,,,,,,,,
audit_049,target_gap_leads,tgl_41a472c459128e56a532790a,SOURCE_ATLAS_ROUTE_LEAD,missing_item_url,museum_heritage_page,museum_heritage_page,PRIORITY_LEAD,100.0,Western Australian Museum Collections,B,WA,1945,1,1,1,museum.wa.gov.au,unchecked,missing_item_url / museum_heritage_page,metadata_only_no_snippet_no_description_no_raw_text_sensitive_rows_excluded,,,,,,,,,,,
audit_050,target_gap_leads,tgl_32c629fbe5174ecf43d48934,METADATA_ONLY_1955_1976_LEAD,missing_term,state_archive_catalogue,state_archive_catalogue,PRIORITY_LEAD,100.0,ANU Archives,A,ACT,1976,1,0,1,archivescollection.anu.edu.au,unchecked,missing_term / state_archive_catalogue,metadata_only_no_snippet_no_description_no_raw_text_sensitive_rows_excluded,,,,,,,,,,,
audit_051,target_gap_leads,tgl_d5378dd1864c593cc367139c,SOURCE_ATLAS_ROUTE_LEAD,missing_item_url,state_library_catalogue,state_library_catalogue,PRIORITY_LEAD,100.0,J.S. Battye Library of West Australian History,A,WA,1945,1,1,1,catalogue.slwa.wa.gov.au,unchecked,missing_item_url / state_library_catalogue,metadata_only_no_snippet_no_description_no_raw_text_sensitive_rows_excluded,,,,,,,,,,,
audit_052,target_gap_leads,tgl_e8bc5a9b1d1e052b8d57b8e8,METADATA_ONLY_1955_1976_LEAD,missing_term,local_history_serial,local_history_serial,PRIORITY_LEAD,100.0,Royal Australian Historical Society,B,ACT,1958,1,0,1,rahs.org.au,unchecked,missing_term / local_history_serial,metadata_only_no_snippet_no_description_no_raw_text_sensitive_rows_excluded,,,,,,,,,,,
audit_053,target_gap_leads,tgl_0c81bbfdb9069ff2641105d3,SOURCE_ATLAS_ROUTE_LEAD,missing_item_url,national_library_catalogue,national_library_catalogue,PRIORITY_LEAD,100.0,NLA Catalogue,A,NT,1926,1,1,1,catalogue.nla.gov.au,unchecked,missing_item_url / national_library_catalogue,metadata_only_no_snippet_no_description_no_raw_text_sensitive_rows_excluded,,,,,,,,,,,
audit_054,target_gap_leads,tgl_aba0a8616f91453eea91ee8c,METADATA_ONLY_1955_1976_LEAD,missing_term,national_archive_catalogue,national_archive_catalogue,PRIORITY_LEAD,100.0,National Archives of Australia RecordSearch,A,TAS,1959,1,0,1,recordsearch.naa.gov.au,unchecked,missing_term / national_archive_catalogue,metadata_only_no_snippet_no_description_no_raw_text_sensitive_rows_excluded,,,,,,,,,,,
audit_055,target_gap_leads,tgl_082d3fd455a96acd4a89a4e0,STRUCTURED_ENDPOINT_ROUTE_LEAD,missing_date,WORDPRESS_REST,council_local_studies,GOOD_LEAD,70.0,Fremantle History Centre,B,WA,,0,0,0,fremantle.wa.gov.au,unique,missing_date / WORDPRESS_REST,metadata_only_no_snippet_no_description_no_raw_text_sensitive_rows_excluded,,,,,,,,,,,
audit_056,target_gap_leads,tgl_bcfb5e712fd8ee1b052b6a72,METADATA_ONLY_1955_1976_LEAD,strict_record_gate_not_met,state_archive_catalogue,state_archive_catalogue,PRIORITY_LEAD,100.0,ANU Archives,A,ACT,1958,1,1,1,archivescollection.anu.edu.au,unchecked,strict_record_gate_not_met / state_archive_catalogue,metadata_only_no_snippet_no_description_no_raw_text_sensitive_rows_excluded,,,,,,,,,,,
audit_057,target_gap_leads,tgl_f483a2adf0d912683bd6e321,SOURCE_ATLAS_ROUTE_LEAD,missing_item_url,national_archive_catalogue,national_archive_catalogue,PRIORITY_LEAD,100.0,National Archives of Australia RecordSearch,A,SA,1932,1,1,1,recordsearch.naa.gov.au,unchecked,missing_item_url / national_archive_catalogue,metadata_only_no_snippet_no_description_no_raw_text_sensitive_rows_excluded,,,,,,,,,,,
audit_058,target_gap_leads,tgl_00915f5c806da05ed26cbf69,METADATA_ONLY_1955_1976_LEAD,strict_record_gate_not_met,heritage_register,heritage_register,PRIORITY_LEAD,100.0,Northern Territory Heritage Register,A,NT,1958,1,1,1,nt.gov.au,unchecked,strict_record_gate_not_met / heritage_register,metadata_only_no_snippet_no_description_no_raw_text_sensitive_rows_excluded,,,,,,,,,,,
audit_059,target_gap_leads,tgl_48a597991e4b5a816a703b83,METADATA_ONLY_1955_1976_LEAD,missing_term,state_library_catalogue,state_library_catalogue,PRIORITY_LEAD,100.0,Territory Stories,A,NT,1968,1,0,1,territorystories.nt.gov.au,unchecked,missing_term / state_library_catalogue,metadata_only_no_snippet_no_description_no_raw_text_sensitive_rows_excluded,,,,,,,,,,,
audit_060,target_gap_leads,tgl_4a4fe89199ae8634ca56c9a5,DATE_NO_TERM_LEAD,missing_term,,museum_heritage_page,PRIORITY_LEAD,100.0,Museum and Art Gallery of the Northern Territory,A,NT,1968,1,0,0,magnt.net.au,canonical,missing_term / (missing),metadata_only_no_snippet_no_description_no_raw_text_sensitive_rows_excluded,,,,,,,,,,,
audit_061,target_gap_leads,tgl_d86c26a639e3d63c998c5ed2,SOURCE_ATLAS_ROUTE_LEAD,missing_item_url,state_archive_catalogue,state_archive_catalogue,PRIORITY_LEAD,100.0,Tasmanian Archives,A,TAS,1943,1,1,1,libraries.tas.gov.au,unchecked,missing_item_url / state_archive_catalogue,metadata_only_no_snippet_no_description_no_raw_text_sensitive_rows_excluded,,,,,,,,,,,
audit_062,target_gap_leads,tgl_1546e291e4d85b88ea08a90e,METADATA_ONLY_1955_1976_LEAD,missing_term,museum_heritage_page,museum_heritage_page,PRIORITY_LEAD,100.0,Queensland Museum Network,B,ACT,1955,1,0,1,museum.qld.gov.au,unchecked,missing_term / museum_heritage_page,metadata_only_no_snippet_no_description_no_raw_text_sensitive_rows_excluded,,,,,,,,,,,
audit_063,target_gap_leads,tgl_2402779278d8379f1b82b702,ROBOTS_BLOCKED_NEAR_MISS,robots_unknown,RSS_ATOM,broadcast_catalogue,BLOCKED_ROBOTS,80.0,NFSA Collection,A,NATIONAL,1975,1,0,0,nfsa.gov.au,duplicate,robots_unknown / RSS_ATOM,metadata_only_no_snippet_no_description_no_raw_text_sensitive_rows_excluded,,,,,,,,,,,
audit_064,target_gap_leads,tgl_e4555db364a5d1df99fc1b8e,STRUCTURED_ENDPOINT_ROUTE_LEAD,missing_date,ATOM_AtoM,local_history_serial,GOOD_LEAD,70.0,Royal Western Australian Historical Society,B,WA,,0,0,0,histwest.org.au,unique,missing_date / ATOM_AtoM,metadata_only_no_snippet_no_description_no_raw_text_sensitive_rows_excluded,,,,,,,,,,,
audit_065,target_gap_leads,tgl_3c855a28e5aa869cfb836e69,SOURCE_ATLAS_ROUTE_LEAD,missing_item_url,local_history_serial,local_history_serial,PRIORITY_LEAD,100.0,Tasmanian Historical Research Association,B,TAS,1965,1,1,1,thra.org.au,unchecked,missing_item_url / local_history_serial,metadata_only_no_snippet_no_description_no_raw_text_sensitive_rows_excluded,,,,,,,,,,,
audit_066,target_gap_leads,tgl_1c6797d8f190dd060a619bb7,METADATA_ONLY_1955_1976_LEAD,strict_record_gate_not_met,structured_endpoint,museum_heritage_page,PRIORITY_LEAD,100.0,Western Australian Museum,A,WA,1940,1,1,1,museum.wa.gov.au,duplicate,strict_record_gate_not_met / structured_endpoint,metadata_only_no_snippet_no_description_no_raw_text_sensitive_rows_excluded,,,,,,,,,,,
audit_067,target_gap_leads,tgl_4be38a66729e49d48a44cee9,STRUCTURED_ENDPOINT_ROUTE_LEAD,missing_date,ATOM_AtoM,council_local_studies,GOOD_LEAD,70.0,Fremantle History Centre,B,WA,,0,0,0,fremantle.wa.gov.au,unique,missing_date / ATOM_AtoM,metadata_only_no_snippet_no_description_no_raw_text_sensitive_rows_excluded,,,,,,,,,,,
audit_068,target_gap_leads,tgl_4a54ab5cf88bcce0753d045b,METADATA_ONLY_1955_1976_LEAD,strict_record_gate_not_met,council_local_studies,council_local_studies,PRIORITY_LEAD,100.0,Fremantle History Centre,B,WA,1955,1,1,1,fremantle.wa.gov.au,unchecked,strict_record_gate_not_met / council_local_studies,metadata_only_no_snippet_no_description_no_raw_text_sensitive_rows_excluded,,,,,,,,,,,
audit_069,target_gap_leads,tgl_da531a45ea9a601460ca0e4d,METADATA_ONLY_1955_1976_LEAD,missing_term,,museum_heritage_page,PRIORITY_LEAD,100.0,Museum and Art Gallery of the Northern Territory,A,NT,1968,1,0,0,magnt.net.au,duplicate,missing_term / (missing),metadata_only_no_snippet_no_description_no_raw_text_sensitive_rows_excluded,,,,,,,,,,,
audit_070,target_gap_leads,tgl_8ee0903e990cd6f66f1c21cb,ROBOTS_BLOCKED_NEAR_MISS,robots_unknown,RSS_ATOM,museum_heritage_page,BLOCKED_ROBOTS,0.0,Western Australian Museum,A,WA,,0,0,0,museum.wa.gov.au,duplicate,robots_unknown / RSS_ATOM,metadata_only_no_snippet_no_description_no_raw_text_sensitive_rows_excluded,,,,,,,,,,,
audit_071,target_gap_leads,tgl_aff56dcdc69cbeedb38bca86,SOURCE_ATLAS_ROUTE_LEAD,missing_item_url,heritage_register,heritage_register,PRIORITY_LEAD,100.0,South Australian Heritage Places Database,A,SA,1937,1,1,1,maps.sa.gov.au,unchecked,missing_item_url / heritage_register,metadata_only_no_snippet_no_description_no_raw_text_sensitive_rows_excluded,,,,,,,,,,,
audit_072,target_gap_leads,tgl_f9b0ce7a00cfde5fd3aec941,STRUCTURED_ENDPOINT_ROUTE_LEAD,missing_date,WORDPRESS_REST,local_history_serial,GOOD_LEAD,70.0,Royal Western Australian Historical Society,B,WA,,0,0,0,histwest.org.au,unique,missing_date / WORDPRESS_REST,metadata_only_no_snippet_no_description_no_raw_text_sensitive_rows_excluded,,,,,,,,,,,
audit_073,target_gap_leads,tgl_08d989b5ef47403aacf564c7,METADATA_ONLY_1955_1976_LEAD,missing_term,local_history_serial,local_history_serial,PRIORITY_LEAD,100.0,Canberra & District Historical Society,B,ACT,1965,1,0,1,canberrahistory.org.au,unchecked,missing_term / local_history_serial,metadata_only_no_snippet_no_description_no_raw_text_sensitive_rows_excluded,,,,,,,,,,,
audit_074,target_gap_leads,tgl_e1cf5f3fb80b1394c94cc4a2,METADATA_ONLY_1955_1976_LEAD,missing_date,controlled_supernatural,local_history_serial,PRIORITY_LEAD,80.0,Tasmanian Historical Research Association,B,TAS,,0,0,1,thra.org.au,canonical,missing_date / controlled_supernatural,metadata_only_no_snippet_no_description_no_raw_text_sensitive_rows_excluded,,,,,,,,,,,
audit_075,target_gap_leads,tgl_b006d4dcaaa90669cfdb6b22,SOURCE_ATLAS_ROUTE_LEAD,missing_item_url,heritage_register,heritage_register,PRIORITY_LEAD,100.0,South Australian Heritage Places Database,A,SA,1948,1,1,1,maps.sa.gov.au,unchecked,missing_item_url / heritage_register,metadata_only_no_snippet_no_description_no_raw_text_sensitive_rows_excluded,,,,,,,,,,,
audit_076,target_gap_leads,tgl_28a10e07e661487f3794f852,SOURCE_ATLAS_ROUTE_LEAD,missing_item_url,broadcast_catalogue,broadcast_catalogue,PRIORITY_LEAD,100.0,Australian Screen Online,C,SA,1933,1,1,1,aso.gov.au,unchecked,missing_item_url / broadcast_catalogue,metadata_only_no_snippet_no_description_no_raw_text_sensitive_rows_excluded,,,,,,,,,,,
audit_077,target_gap_leads,tgl_a900c789e2eabc7d698768fb,METADATA_ONLY_1955_1976_LEAD,missing_term,broadcast_catalogue,broadcast_catalogue,PRIORITY_LEAD,100.0,ABC Archives Public Pages,C,SA,1960,1,0,1,abc.net.au,unchecked,missing_term / broadcast_catalogue,metadata_only_no_snippet_no_description_no_raw_text_sensitive_rows_excluded,,,,,,,,,,,
audit_078,target_gap_leads,tgl_a3d9e34fee9db1e805f8dab8,METADATA_ONLY_1955_1976_LEAD,missing_term,broadcast_catalogue,broadcast_catalogue,PRIORITY_LEAD,100.0,ABC Public Pages,C,ACT,1959,1,0,1,abc.net.au,unchecked,missing_term / broadcast_catalogue,metadata_only_no_snippet_no_description_no_raw_text_sensitive_rows_excluded,,,,,,,,,,,
audit_079,target_gap_leads,tgl_c2066446af00e434ebdb8818,SOURCE_ATLAS_ROUTE_LEAD,missing_item_url,council_local_studies,council_local_studies,PRIORITY_LEAD,100.0,Burnie and Devonport Local History,B,TAS,1958,1,1,1,devonport.tas.gov.au,unchecked,missing_item_url / council_local_studies,metadata_only_no_snippet_no_description_no_raw_text_sensitive_rows_excluded,,,,,,,,,,,
audit_080,target_gap_leads,tgl_e0f3ba9e926d23cbf3183d67,METADATA_ONLY_1955_1976_LEAD,missing_term,heritage_register,heritage_register,PRIORITY_LEAD,100.0,WA Heritage InHerit,A,WA,1971,1,0,1,inherit.dplh.wa.gov.au,unchecked,missing_term / heritage_register,metadata_only_no_snippet_no_description_no_raw_text_sensitive_rows_excluded,,,,,,,,,,,
audit_081,target_gap_leads,tgl_516ab9712f79e9692509517f,METADATA_ONLY_1955_1976_LEAD,strict_record_gate_not_met,council_local_studies,council_local_studies,PRIORITY_LEAD,100.0,Tennant Creek and Barkly History,B,NT,1955,1,1,1,barkly.nt.gov.au,unchecked,strict_record_gate_not_met / council_local_studies,metadata_only_no_snippet_no_description_no_raw_text_sensitive_rows_excluded,,,,,,,,,,,
audit_082,target_gap_leads,tgl_8f5815038ed1123347cadbbe,METADATA_ONLY_1955_1976_LEAD,missing_term,,museum_heritage_page,PRIORITY_LEAD,100.0,Museum and Art Gallery of the Northern Territory,A,NT,1968,1,0,0,magnt.net.au,duplicate,missing_term / (missing),metadata_only_no_snippet_no_description_no_raw_text_sensitive_rows_excluded,,,,,,,,,,,
audit_083,target_gap_leads,tgl_c9bf8c16c7f6470f582c13d5,SOURCE_ATLAS_ROUTE_LEAD,missing_item_url,local_history_serial,local_history_serial,PRIORITY_LEAD,100.0,Dictionary of Sydney,B,NT,1929,1,1,1,dictionaryofsydney.org,unchecked,missing_item_url / local_history_serial,metadata_only_no_snippet_no_description_no_raw_text_sensitive_rows_excluded,,,,,,,,,,,
audit_084,target_gap_leads,tgl_c8d02b5d8f314cfd472e850b,DATE_NO_TERM_LEAD,missing_term,structured_endpoint,broadcast_catalogue,PRIORITY_LEAD,100.0,NFSA Collection,A,NATIONAL,1964,1,0,1,nfsa.gov.au,canonical,missing_term / structured_endpoint,metadata_only_no_snippet_no_description_no_raw_text_sensitive_rows_excluded,,,,,,,,,,,
audit_085,target_gap_leads,tgl_fd9a5e211628073a5b2fbdf9,METADATA_ONLY_1955_1976_LEAD,missing_term,council_local_studies,council_local_studies,PRIORITY_LEAD,100.0,Port Adelaide Local History,B,SA,1963,1,0,1,cityofpae.sa.gov.au,unchecked,missing_term / council_local_studies,metadata_only_no_snippet_no_description_no_raw_text_sensitive_rows_excluded,,,,,,,,,,,
audit_086,target_gap_leads,tgl_d3dc0d204de2e29f02ad44c6,SOURCE_ATLAS_ROUTE_LEAD,missing_item_url,local_history_serial,local_history_serial,PRIORITY_LEAD,100.0,Historical Society of the Northern Territory,B,NT,1955,1,1,1,historicalsocietynt.com.au,unchecked,missing_item_url / local_history_serial,metadata_only_no_snippet_no_description_no_raw_text_sensitive_rows_excluded,,,,,,,,,,,
audit_087,target_gap_leads,tgl_1d9cba099b8818e64a948a98,STRUCTURED_ENDPOINT_ROUTE_LEAD,missing_date,OMEKA_API,local_history_serial,GOOD_LEAD,70.0,Royal Western Australian Historical Society,B,WA,,0,0,0,histwest.org.au,unique,missing_date / OMEKA_API,metadata_only_no_snippet_no_description_no_raw_text_sensitive_rows_excluded,,,,,,,,,,,
audit_088,target_gap_leads,tgl_5b230f64c1fbc099c7aa1df4,METADATA_ONLY_1955_1976_LEAD,missing_date,structured_endpoint,museum_heritage_page,GOOD_LEAD,65.0,Western Australian Museum,A,WA,,0,0,1,museum.wa.gov.au,duplicate,missing_date / structured_endpoint,metadata_only_no_snippet_no_description_no_raw_text_sensitive_rows_excluded,,,,,,,,,,,
audit_089,target_gap_leads,tgl_51567a1bfdc48b2a6af65bea,PDF_NEWSLETTER_ROUTE_LEAD,missing_date,,local_history_serial,GOOD_LEAD,70.0,Newsletters,B,TAS,,0,0,0,launcestonhistory.org.au,duplicate,missing_date / (missing),metadata_only_no_snippet_no_description_no_raw_text_sensitive_rows_excluded,,,,,,,,,,,
audit_090,target_gap_leads,tgl_ef8367f7767d68276d06c290,METADATA_ONLY_1955_1976_LEAD,missing_term,broadcast_catalogue,broadcast_catalogue,PRIORITY_LEAD,100.0,NFSA Collection,A,NT,1957,1,0,1,nfsa.gov.au,unchecked,missing_term / broadcast_catalogue,metadata_only_no_snippet_no_description_no_raw_text_sensitive_rows_excluded,,,,,,,,,,,
audit_091,target_gap_leads,tgl_0ba5a46f60d1b19adb2724e1,SOURCE_ATLAS_ROUTE_LEAD,missing_item_url,national_library_catalogue,national_library_catalogue,PRIORITY_LEAD,100.0,NLA Catalogue,A,SA,1932,1,1,1,catalogue.nla.gov.au,unchecked,missing_item_url / national_library_catalogue,metadata_only_no_snippet_no_description_no_raw_text_sensitive_rows_excluded,,,,,,,,,,,
audit_092,target_gap_leads,tgl_e32cc6f98f614e398abd8d17,METADATA_ONLY_1955_1976_LEAD,strict_record_gate_not_met,state_library_catalogue,state_library_catalogue,PRIORITY_LEAD,100.0,State Library of South Australia Catalogue,A,SA,1956,1,1,1,slsa.sa.gov.au,unchecked,strict_record_gate_not_met / state_library_catalogue,metadata_only_no_snippet_no_description_no_raw_text_sensitive_rows_excluded,,,,,,,,,,,
audit_093,target_gap_leads,tgl_f941de9456d5082d0799183c,METADATA_ONLY_1955_1976_LEAD,strict_record_gate_not_met,local_history_serial,local_history_serial,PRIORITY_LEAD,100.0,ACT Memory,B,ACT,1956,1,1,1,act.gov.au,unchecked,strict_record_gate_not_met / local_history_serial,metadata_only_no_snippet_no_description_no_raw_text_sensitive_rows_excluded,,,,,,,,,,,
audit_094,target_gap_leads,tgl_1e7708f973742ba3f6be2144,SOURCE_ATLAS_ROUTE_LEAD,missing_item_url,museum_heritage_page,museum_heritage_page,PRIORITY_LEAD,100.0,Adelaide Gaol,B,SA,1932,1,1,1,adelaidegaol.org.au,unchecked,missing_item_url / museum_heritage_page,metadata_only_no_snippet_no_description_no_raw_text_sensitive_rows_excluded,,,,,,,,,,,
audit_095,target_gap_leads,tgl_14db294e376778f2479978b9,METADATA_ONLY_1955_1976_LEAD,missing_term,state_library_catalogue,state_library_catalogue,PRIORITY_LEAD,100.0,State Library of NSW Catalogue,A,NT,1957,1,0,1,collection.sl.nsw.gov.au,unchecked,missing_term / state_library_catalogue,metadata_only_no_snippet_no_description_no_raw_text_sensitive_rows_excluded,,,,,,,,,,,
audit_096,target_gap_leads,tgl_c2d840701f235a15c52ff89b,METADATA_ONLY_1955_1976_LEAD,missing_term,national_archive_catalogue,national_archive_catalogue,PRIORITY_LEAD,100.0,National Archives of Australia RecordSearch,A,WA,1956,1,0,1,recordsearch.naa.gov.au,unchecked,missing_term / national_archive_catalogue,metadata_only_no_snippet_no_description_no_raw_text_sensitive_rows_excluded,,,,,,,,,,,
audit_097,target_gap_leads,tgl_2cc4c73c22dd0e9f63c2e435,SOURCE_ATLAS_ROUTE_LEAD,missing_item_url,heritage_register,heritage_register,PRIORITY_LEAD,100.0,Heritage Tasmania Register,A,TAS,1947,1,1,1,heritage.tas.gov.au,unchecked,missing_item_url / heritage_register,metadata_only_no_snippet_no_description_no_raw_text_sensitive_rows_excluded,,,,,,,,,,,
audit_098,target_gap_leads,tgl_d07fe3c8301d2d192510b82d,METADATA_ONLY_1955_1976_LEAD,missing_term,council_local_studies,council_local_studies,PRIORITY_LEAD,100.0,Hobart Local History,B,TAS,1966,1,0,1,hobartcity.com.au,unchecked,missing_term / council_local_studies,metadata_only_no_snippet_no_description_no_raw_text_sensitive_rows_excluded,,,,,,,,,,,
audit_099,target_gap_leads,tgl_82224ddea5de9ba0553f40f9,METADATA_ONLY_1955_1976_LEAD,missing_term,local_history_serial,local_history_serial,PRIORITY_LEAD,100.0,Historical Society of the Northern Territory,B,NT,1969,1,0,1,historicalsocietynt.org.au,unchecked,missing_term / local_history_serial,metadata_only_no_snippet_no_description_no_raw_text_sensitive_rows_excluded,,,,,,,,,,,
audit_100,target_gap_leads,tgl_4f04ee2cf5aa3cdc5f286b3d,SOURCE_ATLAS_ROUTE_LEAD,missing_item_url,state_archive_catalogue,state_archive_catalogue,PRIORITY_LEAD,100.0,ANU Archives,A,ACT,1964,1,1,1,archivescollection.anu.edu.au,unchecked,missing_item_url / state_archive_catalogue,metadata_only_no_snippet_no_description_no_raw_text_sensitive_rows_excluded,,,,,,,,,,,
